{"stats":{"minecraft:custom":{"minecraft:time_since_rest":45059,"minecraft:play_one_minute":45059,"minecraft:crouch_one_cm":468,"minecraft:sprint_one_cm":5167,"minecraft:walk_one_cm":70838,"minecraft:sneak_time":372,"minecraft:mob_kills":80,"minecraft:interact_with_anvil":1,"minecraft:drop":6,"minecraft:jump":80,"minecraft:damage_dealt":4198,"minecraft:leave_game":46,"minecraft:time_since_death":45059,"minecraft:fly_one_cm":39354},"minecraft:killed":{"minecraft:sheep":15,"minecraft:horse":12,"minecraft:pig":10,"minecraft:slime":35,"minecraft:chicken":3,"minecraft:cow":5},"minecraft:picked_up":{"minecraft:chicken":1,"futurecombat:beamsaber":6,"minecraft:slime_ball":10,"minecraft:leather":6,"minecraft:beef":8,"minecraft:porkchop":10,"minecraft:light_gray_wool":1,"minecraft:mutton":10,"minecraft:white_wool":6},"minecraft:used":{"minecraft:trident":8,"minecraft:damaged_anvil":1,"minecraft:command_block":1,"minecraft:stone_button":1,"futurecombat:beamsaber":90},"minecraft:dropped":{"futurecombat:beamsaber":6}},"DataVersion":2230}